<?xml version="1.0" encoding="UTF-8"?>
<project-private xmlns="http://www.netbeans.org/ns/project-private/1">
    <editor-bookmarks xmlns="http://www.netbeans.org/ns/editor-bookmarks/2" lastBookmarkId="0"/>
    <open-files xmlns="http://www.netbeans.org/ns/projectui-open-files/2">
        <group>
            <file>file:/C:/Users/Alessandro/OneDrive/Documentos/NetBeansProjects/CrudemJava/src/crudemjava/Contato.java</file>
            <file>file:/C:/Users/Alessandro/OneDrive/Documentos/NetBeansProjects/CrudemJava/src/br/com/agenda/factory/ConnectionFactory.java</file>
            <file>file:/C:/Users/Alessandro/OneDrive/Documentos/NetBeansProjects/CrudemJava/src/br/com/agenda/main/Main.java</file>
            <file>file:/C:/Users/Alessandro/OneDrive/Documentos/NetBeansProjects/CrudemJava/src/br/com/agenda/dao/ContatoDAO.java</file>
        </group>
    </open-files>
</project-private>
